<?xml version="1.0" encoding="UTF-8" standalone="yes"?>
<addon id="repository.usa" name="[B]usa Repository[/B]" version="0.1" provider-name="PJR">
	<extension point="xbmc.addon.repository" name="USA repository">
		<info compressed="false">https://raw.githubusercontent.com/Philjr8/usatv/master/_repo/addons.xml</info>
			<checksum>https://raw.githubusercontent.com/Philjr8/usatv/master/_repo/addons.xml.md5</checksum>
			<datadir zip="true">https://raw.githubusercontent.com/Philjr8/usatv/master/_repo</datadir>
	</extension>
	  <extension point="xbmc.addon.metadata">
		<summary lang="en">usa Repository</summary>
		<description lang="en">http://www.custom-kodi.co.uk Custom Builds Thank you.</description>
		<platform>all</platform>
		<forum>http://koditalk.org/</forum>
		<website>http://www.custom-kodi.co.uk/</website>
	  <assets>
		<icon>icon.png</icon>
	  </assets>
	  </extension>
</addon>