<?xml version="1.0" encoding="UTF-8" standalone="yes"?>
<addon id="plugin.video.custom" name="custom" version="1.0.1" provider-name="http://www.custom-kodi.co.uk/">
  <requires>
    <import addon="xbmc.python" version="2.1.0"/>
  </requires>
  <extension point="xbmc.python.pluginsource" library="default.py">
        <provides>video executable</provides>
  </extension>
  <extension point="xbmc.addon.metadata">
    <summary lang="en">custom Wizard</summary>
    <description lang="en">Easy Install With KODI / XBMC Wizard / Please feel free to visit my website for custom builds http://www.custom-kodi.co.uk/##
##Credit To Husham for his support and friendship##</description>
    <platform>all</platform>
  </extension>
</addon>
